[ {
  "@id" : "_:genid1",
  "@type" : [ "http://www.w3.org/2002/07/owl#Restriction" ],
  "http://www.w3.org/2002/07/owl#hasValue" : [ {
    "@id" : "http://geonames.org/ontology#S"
  } ],
  "http://www.w3.org/2002/07/owl#onProperty" : [ {
    "@id" : "http://geonames.org/ontology#featureClass"
  } ]
}, {
  "@id" : "_:genid2",
  "@type" : [ "http://www.w3.org/2002/07/owl#Restriction" ],
  "http://www.w3.org/2002/07/owl#hasValue" : [ {
    "@id" : "http://geonames.org/ontology#S.HTL"
  } ],
  "http://www.w3.org/2002/07/owl#onProperty" : [ {
    "@id" : "http://geonames.org/ontology#featureCode"
  } ]
}, {
  "@id" : "_:genid3",
  "http://www.w3.org/2000/01/rdf-schema#label" : [ {
    "@value" : "HTML"
  } ]
}, {
  "@id" : "_:genid4",
  "http://www.w3.org/2000/01/rdf-schema#label" : [ {
    "@value" : "RDF"
  } ]
}, {
  "@id" : "http://creativecommons.org/ns#license",
  "@type" : [ "http://www.w3.org/2002/07/owl#AnnotationProperty" ]
}, {
  "@id" : "http://geonames.org/ontology#Feature",
  "@type" : [ "http://www.w3.org/2002/07/owl#Class" ]
}, {
  "@id" : "http://geonames.org/ontology#S",
  "@type" : [ "http://www.w3.org/2002/07/owl#NamedIndividual", "http://www.w3.org/2004/02/skos/core#Concept" ]
}, {
  "@id" : "http://geonames.org/ontology#S.HTL",
  "@type" : [ "http://www.w3.org/2002/07/owl#NamedIndividual", "http://www.w3.org/2004/02/skos/core#Concept" ]
}, {
  "@id" : "http://geonames.org/ontology#featureClass",
  "@type" : [ "http://www.w3.org/2002/07/owl#ObjectProperty" ],
  "http://www.w3.org/2000/01/rdf-schema#subPropertyOf" : [ {
    "@id" : "http://purl.org/dc/terms/type"
  } ]
}, {
  "@id" : "http://geonames.org/ontology#featureCode",
  "@type" : [ "http://www.w3.org/2002/07/owl#ObjectProperty" ],
  "http://www.w3.org/2000/01/rdf-schema#subPropertyOf" : [ {
    "@id" : "http://purl.org/dc/terms/type"
  } ]
}, {
  "@id" : "http://idi.fundacionctic.org/cruzar/turismo#Alojamiento",
  "@type" : [ "http://www.w3.org/2002/07/owl#Class" ]
}, {
  "@id" : "http://purl.org/dc/elements/1.1/creator",
  "@type" : [ "http://www.w3.org/2002/07/owl#AnnotationProperty" ]
}, {
  "@id" : "http://purl.org/dc/elements/1.1/date",
  "@type" : [ "http://www.w3.org/2002/07/owl#AnnotationProperty" ]
}, {
  "@id" : "http://purl.org/dc/elements/1.1/identifier",
  "@type" : [ "http://www.w3.org/2002/07/owl#AnnotationProperty" ]
}, {
  "@id" : "http://purl.org/dc/elements/1.1/rights",
  "@type" : [ "http://www.w3.org/2002/07/owl#AnnotationProperty" ]
}, {
  "@id" : "http://purl.org/dc/elements/1.1/title",
  "@type" : [ "http://www.w3.org/2002/07/owl#AnnotationProperty" ]
}, {
  "@id" : "http://purl.org/dc/terms/hasFormat",
  "@type" : [ "http://www.w3.org/2002/07/owl#AnnotationProperty" ]
}, {
  "@id" : "http://purl.org/dc/terms/issued",
  "@type" : [ "http://www.w3.org/2002/07/owl#AnnotationProperty" ]
}, {
  "@id" : "http://purl.org/dc/terms/type",
  "@type" : [ "http://www.w3.org/2002/07/owl#ObjectProperty" ]
}, {
  "@id" : "http://purl.org/vocab/vann/preferredNamespaceUri",
  "@type" : [ "http://www.w3.org/2002/07/owl#AnnotationProperty" ]
}, {
  "@id" : "http://schema.org/BedAndBreakfast",
  "@type" : [ "http://www.w3.org/2002/07/owl#Class" ],
  "http://www.w3.org/2000/01/rdf-schema#subClassOf" : [ {
    "@id" : "http://schema.org/LodgingBusiness"
  } ]
}, {
  "@id" : "http://schema.org/Hostel",
  "@type" : [ "http://www.w3.org/2002/07/owl#Class" ],
  "http://www.w3.org/2000/01/rdf-schema#subClassOf" : [ {
    "@id" : "http://schema.org/LodgingBusiness"
  } ]
}, {
  "@id" : "http://schema.org/Hotel",
  "@type" : [ "http://www.w3.org/2002/07/owl#Class" ],
  "http://www.w3.org/2000/01/rdf-schema#subClassOf" : [ {
    "@id" : "http://schema.org/LodgingBusiness"
  } ]
}, {
  "@id" : "http://schema.org/LodgingBusiness",
  "@type" : [ "http://www.w3.org/2002/07/owl#Class" ]
}, {
  "@id" : "http://schema.org/Motel",
  "@type" : [ "http://www.w3.org/2002/07/owl#Class" ],
  "http://www.w3.org/2000/01/rdf-schema#subClassOf" : [ {
    "@id" : "http://schema.org/LodgingBusiness"
  } ]
}, {
  "@id" : "http://vocab.linkeddata.es/datosabiertos/def/turismo/alojamiento",
  "@type" : [ "http://www.w3.org/2002/07/owl#Ontology" ],
  "http://creativecommons.org/ns#license" : [ {
    "@id" : "http://creativecommons.org/licenses/by/4.0/"
  } ],
  "http://purl.org/dc/elements/1.1/creator" : [ {
    "@value" : "Miguel Angel García Delgado (Ontology Engineering Group - Universidad Politécnica de Madrid)"
  }, {
    "@value" : "Oscar Corcho (Ontology Engineering Group - Universidad Politécnica de Madrid, LocaliData)"
  }, {
    "@value" : "Víctor Morlán (Ayuntamiento de Zaragoza)"
  } ],
  "http://purl.org/dc/elements/1.1/date" : [ {
    "@type" : "http://www.w3.org/2001/XMLSchema#dateTime",
    "@value" : "2014-09-15"
  } ],
  "http://purl.org/dc/elements/1.1/identifier" : [ {
    "@type" : "http://www.w3.org/2001/XMLSchema#dateTime",
    "@value" : "http://vocab.linkeddata.es/datosabiertos/def/turismo/alojamiento"
  } ],
  "http://purl.org/dc/elements/1.1/rights" : [ {
    "@value" : "Creative Commons Attribution 4.0 International (CC BY 4.0)"
  } ],
  "http://purl.org/dc/elements/1.1/title" : [ {
    "@language" : "es",
    "@value" : "Vocabulario para la representación de datos sobre alojamiento"
  } ],
  "http://purl.org/dc/terms/hasFormat" : [ {
    "@id" : "http://vocab.linkeddata.es/datosabiertos/def/turismo/alojamiento.html"
  }, {
    "@id" : "http://vocab.linkeddata.es/datosabiertos/def/turismo/alojamiento.owl"
  } ],
  "http://purl.org/dc/terms/issued" : [ {
    "@type" : "http://www.w3.org/2001/XMLSchema#dateTime",
    "@value" : "2014-09-15"
  } ],
  "http://purl.org/vocab/vann/preferredNamespaceUri" : [ {
    "@id" : "http://vocab.linkeddata.es/datosabiertos/def/turismo/alojamiento#"
  } ],
  "http://www.w3.org/2000/01/rdf-schema#comment" : [ {
    "@type" : "http://www.w3.org/2001/XMLSchema#dateTime",
    "@value" : "Vocabulario para la representación de datos sobre alojamientos en España\nEste vocabulario ha sido desarrollado en el contexto del grupo sobre Turismo, Cultura y Ocio, y Comercio de AENOR. El estado del vocabulario es todavía muy inicial y sufrirá cambios\nReutiliza términos de varios vocabularios y modelos que actualmente se utilizan para propósitos similares (y por tanto se irá actualizando de acuerdo con la evolución de estos vocabularios), incluyendo:\n- schema.org\n- geoNames\n- cruzar\n\nEsta ontología sufrirá cambios continuados hasta que se consiga un acuerdo suficiente sobre los términos que se incluyen en ella. "
  } ],
  "http://www.w3.org/2002/07/owl#versionIRI" : [ {
    "@id" : "http://vocab.linkeddata.es/datosabiertos/def/turismo/alojamiento/0.1"
  } ],
  "http://www.w3.org/2002/07/owl#versionInfo" : [ {
    "@language" : "es",
    "@value" : "Esta ontología surge de la necesidad de representar información detallada sobre alojamientos en una ciudad"
  } ]
}, {
  "@id" : "http://vocab.linkeddata.es/datosabiertos/def/turismo/alojamiento#Albergue",
  "@type" : [ "http://www.w3.org/2002/07/owl#Class" ],
  "http://purl.org/dc/terms/issued" : [ {
    "@type" : "http://www.w3.org/2001/XMLSchema#dateTime",
    "@value" : "2015-03-06"
  } ],
  "http://www.w3.org/2000/01/rdf-schema#comment" : [ {
    "@language" : "es",
    "@value" : "Albergue"
  } ],
  "http://www.w3.org/2000/01/rdf-schema#isDefinedBy" : [ {
    "@id" : "http://vocab.linkeddata.es/datosabiertos/def/turismo/alojamiento"
  } ],
  "http://www.w3.org/2000/01/rdf-schema#label" : [ {
    "@language" : "es",
    "@value" : "Albergue"
  } ],
  "http://www.w3.org/2000/01/rdf-schema#subClassOf" : [ {
    "@id" : "http://schema.org/Hostel"
  }, {
    "@id" : "http://vocab.linkeddata.es/datosabiertos/def/turismo/alojamiento#Alojamiento"
  } ]
}, {
  "@id" : "http://vocab.linkeddata.es/datosabiertos/def/turismo/alojamiento#Alojamiento",
  "@type" : [ "http://www.w3.org/2002/07/owl#Class" ],
  "http://purl.org/dc/terms/issued" : [ {
    "@type" : "http://www.w3.org/2001/XMLSchema#dateTime",
    "@value" : "2014-09-15"
  } ],
  "http://www.w3.org/2000/01/rdf-schema#comment" : [ {
    "@language" : "es",
    "@value" : "Cualquier tipo de alojamiento. Esta clase no es disjunta con clases de schema.org como schema:BedAndBreakfast, Hostel, Hotel, Motel"
  } ],
  "http://www.w3.org/2000/01/rdf-schema#isDefinedBy" : [ {
    "@id" : "http://vocab.linkeddata.es/datosabiertos/def/turismo/alojamiento"
  } ],
  "http://www.w3.org/2000/01/rdf-schema#label" : [ {
    "@language" : "es",
    "@value" : "Alojamiento"
  } ],
  "http://www.w3.org/2000/01/rdf-schema#subClassOf" : [ {
    "@id" : "http://geonames.org/ontology#Feature"
  }, {
    "@id" : "http://idi.fundacionctic.org/cruzar/turismo#Alojamiento"
  }, {
    "@id" : "http://schema.org/LodgingBusiness"
  }, {
    "@id" : "_:genid1"
  }, {
    "@id" : "_:genid2"
  } ]
}, {
  "@id" : "http://vocab.linkeddata.es/datosabiertos/def/turismo/alojamiento#Apartahotel",
  "@type" : [ "http://www.w3.org/2002/07/owl#Class" ],
  "http://purl.org/dc/terms/issued" : [ {
    "@type" : "http://www.w3.org/2001/XMLSchema#dateTime",
    "@value" : "2015-03-06"
  } ],
  "http://www.w3.org/2000/01/rdf-schema#comment" : [ {
    "@language" : "es",
    "@value" : "Apartahotel"
  } ],
  "http://www.w3.org/2000/01/rdf-schema#isDefinedBy" : [ {
    "@id" : "http://vocab.linkeddata.es/datosabiertos/def/turismo/alojamiento"
  } ],
  "http://www.w3.org/2000/01/rdf-schema#label" : [ {
    "@language" : "es",
    "@value" : "Apartahotel"
  } ],
  "http://www.w3.org/2000/01/rdf-schema#subClassOf" : [ {
    "@id" : "http://schema.org/LodgingBusiness"
  }, {
    "@id" : "http://vocab.linkeddata.es/datosabiertos/def/turismo/alojamiento#Alojamiento"
  } ]
}, {
  "@id" : "http://vocab.linkeddata.es/datosabiertos/def/turismo/alojamiento#Hostal",
  "@type" : [ "http://www.w3.org/2002/07/owl#Class" ],
  "http://purl.org/dc/terms/issued" : [ {
    "@type" : "http://www.w3.org/2001/XMLSchema#dateTime",
    "@value" : "2015-03-06"
  } ],
  "http://www.w3.org/2000/01/rdf-schema#comment" : [ {
    "@language" : "es",
    "@value" : "Hostal"
  } ],
  "http://www.w3.org/2000/01/rdf-schema#isDefinedBy" : [ {
    "@id" : "http://vocab.linkeddata.es/datosabiertos/def/turismo/alojamiento"
  } ],
  "http://www.w3.org/2000/01/rdf-schema#label" : [ {
    "@language" : "es",
    "@value" : "Hostal"
  } ],
  "http://www.w3.org/2000/01/rdf-schema#subClassOf" : [ {
    "@id" : "http://schema.org/LodgingBusiness"
  }, {
    "@id" : "http://vocab.linkeddata.es/datosabiertos/def/turismo/alojamiento#Alojamiento"
  } ]
}, {
  "@id" : "http://vocab.linkeddata.es/datosabiertos/def/turismo/alojamiento#Hotel",
  "@type" : [ "http://www.w3.org/2002/07/owl#Class" ],
  "http://purl.org/dc/terms/issued" : [ {
    "@type" : "http://www.w3.org/2001/XMLSchema#dateTime",
    "@value" : "2015-03-06"
  } ],
  "http://www.w3.org/2000/01/rdf-schema#comment" : [ {
    "@language" : "es",
    "@value" : "Hotel"
  } ],
  "http://www.w3.org/2000/01/rdf-schema#isDefinedBy" : [ {
    "@id" : "http://vocab.linkeddata.es/datosabiertos/def/turismo/alojamiento"
  } ],
  "http://www.w3.org/2000/01/rdf-schema#label" : [ {
    "@language" : "es",
    "@value" : "Hotel"
  } ],
  "http://www.w3.org/2000/01/rdf-schema#subClassOf" : [ {
    "@id" : "http://schema.org/Hotel"
  }, {
    "@id" : "http://vocab.linkeddata.es/datosabiertos/def/turismo/alojamiento#Alojamiento"
  } ]
}, {
  "@id" : "http://vocab.linkeddata.es/datosabiertos/def/turismo/alojamiento#categoria",
  "@type" : [ "http://www.w3.org/2002/07/owl#ObjectProperty" ],
  "http://purl.org/dc/terms/issued" : [ {
    "@type" : "http://www.w3.org/2001/XMLSchema#dateTime",
    "@value" : "2014-09-14"
  } ],
  "http://www.w3.org/2000/01/rdf-schema#comment" : [ {
    "@language" : "es",
    "@value" : "Categoría de un alojamiento. Normalmente se debería encontrar recogido en un SKOS Concept Scheme sobre categorías (para representar, por ejemplo, las estrellas o llaves de un hotel o apartamento). ![Drag Racing](https://www.w3.org/TR/vocab-dcat-2/images/DCAT-summary-all-attributes.png)"
  } ],
  "http://www.w3.org/2000/01/rdf-schema#domain" : [ {
    "@id" : "http://vocab.linkeddata.es/datosabiertos/def/turismo/alojamiento#Alojamiento"
  } ],
  "http://www.w3.org/2000/01/rdf-schema#isDefinedBy" : [ {
    "@id" : "http://vocab.linkeddata.es/datosabiertos/def/turismo/alojamiento"
  } ],
  "http://www.w3.org/2000/01/rdf-schema#label" : [ {
    "@language" : "es",
    "@value" : "categoría"
  } ],
  "http://www.w3.org/2000/01/rdf-schema#range" : [ {
    "@id" : "http://www.w3.org/2004/02/skos/core#Concept"
  } ]
}, {
  "@id" : "http://vocab.linkeddata.es/datosabiertos/def/turismo/alojamiento#numCamas",
  "@type" : [ "http://www.w3.org/2002/07/owl#DatatypeProperty" ],
  "http://purl.org/dc/terms/issued" : [ {
    "@type" : "http://www.w3.org/2001/XMLSchema#dateTime",
    "@value" : "2014-09-14"
  } ],
  "http://www.w3.org/2000/01/rdf-schema#comment" : [ {
    "@language" : "es",
    "@value" : "Número de camas de un alojamiento"
  } ],
  "http://www.w3.org/2000/01/rdf-schema#domain" : [ {
    "@id" : "http://vocab.linkeddata.es/datosabiertos/def/turismo/alojamiento#Alojamiento"
  } ],
  "http://www.w3.org/2000/01/rdf-schema#isDefinedBy" : [ {
    "@id" : "http://vocab.linkeddata.es/datosabiertos/def/turismo/alojamiento"
  } ],
  "http://www.w3.org/2000/01/rdf-schema#label" : [ {
    "@language" : "es",
    "@value" : "número de camas"
  } ],
  "http://www.w3.org/2000/01/rdf-schema#range" : [ {
    "@id" : "http://www.w3.org/2001/XMLSchema#integer"
  } ]
}, {
  "@id" : "http://vocab.linkeddata.es/datosabiertos/def/turismo/alojamiento#numHabitaciones",
  "@type" : [ "http://www.w3.org/2002/07/owl#DatatypeProperty" ],
  "http://purl.org/dc/terms/issued" : [ {
    "@type" : "http://www.w3.org/2001/XMLSchema#dateTime",
    "@value" : "2014-09-14"
  } ],
  "http://www.w3.org/2000/01/rdf-schema#comment" : [ {
    "@language" : "es",
    "@value" : "Número de habitaciones de un alojamiento"
  } ],
  "http://www.w3.org/2000/01/rdf-schema#domain" : [ {
    "@id" : "http://vocab.linkeddata.es/datosabiertos/def/turismo/alojamiento#Alojamiento"
  } ],
  "http://www.w3.org/2000/01/rdf-schema#isDefinedBy" : [ {
    "@id" : "http://vocab.linkeddata.es/datosabiertos/def/turismo/alojamiento"
  } ],
  "http://www.w3.org/2000/01/rdf-schema#label" : [ {
    "@language" : "es",
    "@value" : "número de habitaciones"
  } ],
  "http://www.w3.org/2000/01/rdf-schema#range" : [ {
    "@id" : "http://www.w3.org/2001/XMLSchema#integer"
  } ]
}, {
  "@id" : "http://www.w3.org/2000/01/rdf-schema#comment",
  "@type" : [ "http://www.w3.org/2002/07/owl#AnnotationProperty" ]
}, {
  "@id" : "http://www.w3.org/2000/01/rdf-schema#isDefinedBy",
  "@type" : [ "http://www.w3.org/2002/07/owl#AnnotationProperty" ]
}, {
  "@id" : "http://www.w3.org/2000/01/rdf-schema#label",
  "@type" : [ "http://www.w3.org/2002/07/owl#AnnotationProperty" ]
}, {
  "@id" : "http://www.w3.org/2004/02/skos/core#Concept",
  "@type" : [ "http://www.w3.org/2002/07/owl#Class" ]
} ]